Workbook

Sheet Dashboard
A1: SALES PERFORMANCE & MIS DASHBOARD
B2: Total Sales | D2: Units Sold | F2: Transactions | H2: Avg Order Value
B3: =SUM(Sales_Data!$J:$J) | D3: =SUM(Sales_Data!$G:$G) | F3: =COUNTA(Sales_Data!$A:$A)-1 | H3: =AVERAGE(Sales_Data!$J$2:$J$181)
A6: Top Product by Sales | B6: =INDEX(Sales_Analysis!$B$2:$B$11,MATCH(MAX(Sales_Analysis!$F$2:$F$11),Sales_Analysis!$F$2:$F$11,0))
A7: Top Region
A10: Region | B10: Sales
A11: Dhaka | B11: =SUMIF(Sales_Data!$K:$K,A11,Sales_Data!$J:$J)
A12: Chattogram | B12: =SUMIF(Sales_Data!$K:$K,A12,Sales_Data!$J:$J)
A13: Sylhet | B13: =SUMIF(Sales_Data!$K:$K,A13,Sales_Data!$J:$J)
A14: Rajshahi | B14: =SUMIF(Sales_Data!$K:$K,A14,Sales_Data!$J:$J)
A15: Khulna | B15: =SUMIF(Sales_Data!$K:$K,A15,Sales_Data!$J:$J)

Sheet Sales_Data
A1: Sales_ID | B1: Date | C1: Product_ID | D1: Product_Name | E1: Category | F1: Division | G1: Qty | H1: Unit_Price | I1: Discount | J1: Net_Sales | K1: Region | L1: Salesperson | M1: Customer
A2: S0001 | B2: 46080 | C2: P001 | D2: Laptop Pro 14 | E2: Laptop | F2: Computer | G2: 5 | H2: 78000 | I2: 0 | J2: 390000 | K2: Chattogram | L2: Nusrat Jahan | M2: Delta Garments
A3: S0002 | B3: 46067 | C3: P010 | D3: Projector HD | E3: Projector | F3: Electronics | G3: 7 | H3: 32000 | I3: 0 | J3: 224000 | K3: Dhaka | L3: Arafat Hossain | M3: Prime Solutions
A4: S0003 | B4: 46142 | C4: P009 | D4: UPS 1200VA | E4: Power | F4: Electronics | G4: 1 | H4: 9500 | I4: 0.08 | J4: 8740 | K4: Chattogram | L4: Sakib Ahmed | M4: Sunrise Pharma
A5: S0004 | B5: 46135 | C5: P008 | D5: Executive Desk | E5: Furniture | F5: Office | G5: 5 | H5: 28500 | I5: 0 | J5: 142500 | K5: Chattogram | L5: Maliha Karim | M5: Metro Holdings
A6: S0005 | B6: 46165 | C6: P003 | D6: Office Monitor 24 | E6: Monitor | F6: Computer | G6: 4 | H6: 18500 | I6: 0.03 | J6: 71780 | K6: Dhaka | L6: Arafat Hossain | M6: Sunrise Pharma
A7: S0006 | B7: 46072 | C7: P006 | D7: Laser Printer | E7: Printer | F7: Office | G7: 6 | H7: 21500 | I7: 0.08 | J7: 118680 | K7: Sylhet | L7: Arafat Hossain | M7: Eastland Group
A8: S0007 | B8: 46086 | C8: P007 | D8: Office Chair | E8: Furniture | F8: Office | G8: 2 | H8: 12500 | I8: 0.08 | J8: 23000 | K8: Sylhet | L8: Sakib Ahmed | M8: Metro Holdings
A9: S0008 | B9: 46121 | C9: P002 | D9: Business Laptop 15 | E9: Laptop | F9: Computer | G9: 1 | H9: 62000 | I9: 0.1 | J9: 55800 | K9: Chattogram | L9: Tanvir Rahman | M9: Delta Garments
A10: S0009 | B10: 46142 | C10: P002 | D10: Business Laptop 15 | E10: Laptop | F10: Computer | G10: 7 | H10: 62000 | I10: 0.03 | J10: 420980 | K10: Rajshahi | L10: Tanvir Rahman | M10: Nova Ltd.
A11: S0010 | B11: 46212 | C11: P006 | D11: Laser Printer | E11: Printer | F11: Office | G11: 4 | H11: 21500 | I11: 0.1 | J11: 77400 | K11: Sylhet | L11: Arafat Hossain | M11: Nova Ltd.
A12: S0011 | B12: 46148 | C12: P003 | D12: Office Monitor 24 | E12: Monitor | F12: Computer | G12: 8 | H12: 18500 | I12: 0.05 | J12: 140600 | K12: Sylhet | L12: Sakib Ahmed | M12: Prime Solutions
A13: S0012 | B13: 46189 | C13: P001 | D13: Laptop Pro 14 | E13: Laptop | F13: Computer | G13: 4 | H13: 78000 | I13: 0 | J13: 312000 | K13: Sylhet | L13: Maliha Karim | M13: GreenTech
... A181: S0180 | B181: 46066 | C181: P002 | D181: Business Laptop 15 | E181: Laptop | F181: Computer | G181: 7 | H181: 62000 | I181: 0 | J181: 434000 | K181: Sylhet | L181: Nusrat Jahan | M181: ABC Trading

Sheet Product_Master
A1: Product_ID | B1: Product_Name | C1: Category | D1: Division | E1: Unit_Price
A2: P001 | B2: Laptop Pro 14 | C2: Laptop | D2: Computer | E2: 78000
A3: P002 | B3: Business Laptop 15 | C3: Laptop | D3: Computer | E3: 62000
A4: P003 | B4: Office Monitor 24 | C4: Monitor | D4: Computer | E4: 18500
A5: P004 | B5: Wireless Keyboard | C5: Accessories | D5: Computer | E5: 2500
A6: P005 | B6: Wireless Mouse | C6: Accessories | D6: Computer | E6: 1400
A7: P006 | B7: Laser Printer | C7: Printer | D7: Office | E7: 21500
A8: P007 | B8: Office Chair | C8: Furniture | D8: Office | E8: 12500
A9: P008 | B9: Executive Desk | C9: Furniture | D9: Office | E9: 28500
A10: P009 | B10: UPS 1200VA | C10: Power | D10: Electronics | E10: 9500
A11: P010 | B11: Projector HD | C11: Projector | D11: Electronics | E11: 32000

Sheet Sales_Analysis
A1: Product_ID | B1: Product_Name | C1: Category | D1: Units Sold | E1: Gross Sales | F1: Net Sales | G1: Avg Selling Price
A2: P001 | B2: =VLOOKUP(A2,Product_Master!$A$2:$E$11,2,FALSE) | C2: =VLOOKUP(A2,Product_Master!$A$2:$E$11,3,FALSE) | D2: =SUMIF(Sales_Data!$C:$C,A2,Sales_Data!$G:$G) | E2: =SUMPRODUCT((Sales_Data!$C$2:$C$181=A2)*Sales_Data!$G$2:$G$181*Sales_Data!$H$2:$H$181) | F2: =SUMIF(Sales_Data!$C:$C,A2,Sales_Data!$J:$J) | G2: =IFERROR(F2/D2,0)
A3: P002 | B3: =VLOOKUP(A3,Product_Master!$A$2:$E$11,2,FALSE) | C3: =VLOOKUP(A3,Product_Master!$A$2:$E$11,3,FALSE) | D3: =SUMIF(Sales_Data!$C:$C,A3,Sales_Data!$G:$G) | E3: =SUMPRODUCT((Sales_Data!$C$2:$C$181=A3)*Sales_Data!$G$2:$G$181*Sales_Data!$H$2:$H$181) | F3: =SUMIF(Sales_Data!$C:$C,A3,Sales_Data!$J:$J) | G3: =IFERROR(F3/D3,0)
A4: P003 | B4: =VLOOKUP(A4,Product_Master!$A$2:$E$11,2,FALSE) | C4: =VLOOKUP(A4,Product_Master!$A$2:$E$11,3,FALSE) | D4: =SUMIF(Sales_Data!$C:$C,A4,Sales_Data!$G:$G) | E4: =SUMPRODUCT((Sales_Data!$C$2:$C$181=A4)*Sales_Data!$G$2:$G$181*Sales_Data!$H$2:$H$181) | F4: =SUMIF(Sales_Data!$C:$C,A4,Sales_Data!$J:$J) | G4: =IFERROR(F4/D4,0)
A5: P004 | B5: =VLOOKUP(A5,Product_Master!$A$2:$E$11,2,FALSE) | C5: =VLOOKUP(A5,Product_Master!$A$2:$E$11,3,FALSE) | D5: =SUMIF(Sales_Data!$C:$C,A5,Sales_Data!$G:$G) | E5: =SUMPRODUCT((Sales_Data!$C$2:$C$181=A5)*Sales_Data!$G$2:$G$181*Sales_Data!$H$2:$H$181) | F5: =SUMIF(Sales_Data!$C:$C,A5,Sales_Data!$J:$J) | G5: =IFERROR(F5/D5,0)
A6: P005 | B6: =VLOOKUP(A6,Product_Master!$A$2:$E$11,2,FALSE) | C6: =VLOOKUP(A6,Product_Master!$A$2:$E$11,3,FALSE) | D6: =SUMIF(Sales_Data!$C:$C,A6,Sales_Data!$G:$G) | E6: =SUMPRODUCT((Sales_Data!$C$2:$C$181=A6)*Sales_Data!$G$2:$G$181*Sales_Data!$H$2:$H$181) | F6: =SUMIF(Sales_Data!$C:$C,A6,Sales_Data!$J:$J) | G6: =IFERROR(F6/D6,0)
A7: P006 | B7: =VLOOKUP(A7,Product_Master!$A$2:$E$11,2,FALSE) | C7: =VLOOKUP(A7,Product_Master!$A$2:$E$11,3,FALSE) | D7: =SUMIF(Sales_Data!$C:$C,A7,Sales_Data!$G:$G) | E7: =SUMPRODUCT((Sales_Data!$C$2:$C$181=A7)*Sales_Data!$G$2:$G$181*Sales_Data!$H$2:$H$181) | F7: =SUMIF(Sales_Data!$C:$C,A7,Sales_Data!$J:$J) | G7: =IFERROR(F7/D7,0)
A8: P007 | B8: =VLOOKUP(A8,Product_Master!$A$2:$E$11,2,FALSE) | C8: =VLOOKUP(A8,Product_Master!$A$2:$E$11,3,FALSE) | D8: =SUMIF(Sales_Data!$C:$C,A8,Sales_Data!$G:$G) | E8: =SUMPRODUCT((Sales_Data!$C$2:$C$181=A8)*Sales_Data!$G$2:$G$181*Sales_Data!$H$2:$H$181) | F8: =SUMIF(Sales_Data!$C:$C,A8,Sales_Data!$J:$J) | G8: =IFERROR(F8/D8,0)
A9: P008 | B9: =VLOOKUP(A9,Product_Master!$A$2:$E$11,2,FALSE) | C9: =VLOOKUP(A9,Product_Master!$A$2:$E$11,3,FALSE) | D9: =SUMIF(Sales_Data!$C:$C,A9,Sales_Data!$G:$G) | E9: =SUMPRODUCT((Sales_Data!$C$2:$C$181=A9)*Sales_Data!$G$2:$G$181*Sales_Data!$H$2:$H$181) | F9: =SUMIF(Sales_Data!$C:$C,A9,Sales_Data!$J:$J) | G9: =IFERROR(F9/D9,0)
A10: P009 | B10: =VLOOKUP(A10,Product_Master!$A$2:$E$11,2,FALSE) | C10: =VLOOKUP(A10,Product_Master!$A$2:$E$11,3,FALSE) | D10: =SUMIF(Sales_Data!$C:$C,A10,Sales_Data!$G:$G) | E10: =SUMPRODUCT((Sales_Data!$C$2:$C$181=A10)*Sales_Data!$G$2:$G$181*Sales_Data!$H$2:$H$181) | F10: =SUMIF(Sales_Data!$C:$C,A10,Sales_Data!$J:$J) | G10: =IFERROR(F10/D10,0)
A11: P010 | B11: =VLOOKUP(A11,Product_Master!$A$2:$E$11,2,FALSE) | C11: =VLOOKUP(A11,Product_Master!$A$2:$E$11,3,FALSE) | D11: =SUMIF(Sales_Data!$C:$C,A11,Sales_Data!$G:$G) | E11: =SUMPRODUCT((Sales_Data!$C$2:$C$181=A11)*Sales_Data!$G$2:$G$181*Sales_Data!$H$2:$H$181) | F11: =SUMIF(Sales_Data!$C:$C,A11,Sales_Data!$J:$J) | G11: =IFERROR(F11/D11,0)

Sheet Monthly_Report
A1: Month | B1: Net Sales | C1: Units | D1: Transactions | E1: Avg Order Value
A2: 46023 | B2: =SUMIFS(Sales_Data!$J:$J,Sales_Data!$B:$B,">="&A2,Sales_Data!$B:$B,"<"&DATE(YEAR(A2),MONTH(A2)+1,1)) | C2: =SUMIFS(Sales_Data!$G:$G,Sales_Data!$B:$B,">="&A2,Sales_Data!$B:$B,"<"&DATE(YEAR(A2),MONTH(A2)+1,1)) | D2: =COUNTIFS(Sales_Data!$B:$B,">="&A2,Sales_Data!$B:$B,"<"&DATE(YEAR(A2),MONTH(A2)+1,1)) | E2: =IFERROR(B2/D2,0)
A3: 46054 | B3: =SUMIFS(Sales_Data!$J:$J,Sales_Data!$B:$B,">="&A3,Sales_Data!$B:$B,"<"&DATE(YEAR(A3),MONTH(A3)+1,1)) | C3: =SUMIFS(Sales_Data!$G:$G,Sales_Data!$B:$B,">="&A3,Sales_Data!$B:$B,"<"&DATE(YEAR(A3),MONTH(A3)+1,1)) | D3: =COUNTIFS(Sales_Data!$B:$B,">="&A3,Sales_Data!$B:$B,"<"&DATE(YEAR(A3),MONTH(A3)+1,1)) | E3: =IFERROR(B3/D3,0)
A4: 46082 | B4: =SUMIFS(Sales_Data!$J:$J,Sales_Data!$B:$B,">="&A4,Sales_Data!$B:$B,"<"&DATE(YEAR(A4),MONTH(A4)+1,1)) | C4: =SUMIFS(Sales_Data!$G:$G,Sales_Data!$B:$B,">="&A4,Sales_Data!$B:$B,"<"&DATE(YEAR(A4),MONTH(A4)+1,1)) | D4: =COUNTIFS(Sales_Data!$B:$B,">="&A4,Sales_Data!$B:$B,"<"&DATE(YEAR(A4),MONTH(A4)+1,1)) | E4: =IFERROR(B4/D4,0)
A5: 46113 | B5: =SUMIFS(Sales_Data!$J:$J,Sales_Data!$B:$B,">="&A5,Sales_Data!$B:$B,"<"&DATE(YEAR(A5),MONTH(A5)+1,1)) | C5: =SUMIFS(Sales_Data!$G:$G,Sales_Data!$B:$B,">="&A5,Sales_Data!$B:$B,"<"&DATE(YEAR(A5),MONTH(A5)+1,1)) | D5: =COUNTIFS(Sales_Data!$B:$B,">="&A5,Sales_Data!$B:$B,"<"&DATE(YEAR(A5),MONTH(A5)+1,1)) | E5: =IFERROR(B5/D5,0)
A6: 46143 | B6: =SUMIFS(Sales_Data!$J:$J,Sales_Data!$B:$B,">="&A6,Sales_Data!$B:$B,"<"&DATE(YEAR(A6),MONTH(A6)+1,1)) | C6: =SUMIFS(Sales_Data!$G:$G,Sales_Data!$B:$B,">="&A6,Sales_Data!$B:$B,"<"&DATE(YEAR(A6),MONTH(A6)+1,1)) | D6: =COUNTIFS(Sales_Data!$B:$B,">="&A6,Sales_Data!$B:$B,"<"&DATE(YEAR(A6),MONTH(A6)+1,1)) | E6: =IFERROR(B6/D6,0)
A7: 46174 | B7: =SUMIFS(Sales_Data!$J:$J,Sales_Data!$B:$B,">="&A7,Sales_Data!$B:$B,"<"&DATE(YEAR(A7),MONTH(A7)+1,1)) | C7: =SUMIFS(Sales_Data!$G:$G,Sales_Data!$B:$B,">="&A7,Sales_Data!$B:$B,"<"&DATE(YEAR(A7),MONTH(A7)+1,1)) | D7: =COUNTIFS(Sales_Data!$B:$B,">="&A7,Sales_Data!$B:$B,"<"&DATE(YEAR(A7),MONTH(A7)+1,1)) | E7: =IFERROR(B7/D7,0)
A8: 46204 | B8: =SUMIFS(Sales_Data!$J:$J,Sales_Data!$B:$B,">="&A8,Sales_Data!$B:$B,"<"&DATE(YEAR(A8),MONTH(A8)+1,1)) | C8: =SUMIFS(Sales_Data!$G:$G,Sales_Data!$B:$B,">="&A8,Sales_Data!$B:$B,"<"&DATE(YEAR(A8),MONTH(A8)+1,1)) | D8: =COUNTIFS(Sales_Data!$B:$B,">="&A8,Sales_Data!$B:$B,"<"&DATE(YEAR(A8),MONTH(A8)+1,1)) | E8: =IFERROR(B8/D8,0)
A9: 46235 | B9: =SUMIFS(Sales_Data!$J:$J,Sales_Data!$B:$B,">="&A9,Sales_Data!$B:$B,"<"&DATE(YEAR(A9),MONTH(A9)+1,1)) | C9: =SUMIFS(Sales_Data!$G:$G,Sales_Data!$B:$B,">="&A9,Sales_Data!$B:$B,"<"&DATE(YEAR(A9),MONTH(A9)+1,1)) | D9: =COUNTIFS(Sales_Data!$B:$B,">="&A9,Sales_Data!$B:$B,"<"&DATE(YEAR(A9),MONTH(A9)+1,1)) | E9: =IFERROR(B9/D9,0)
A10: 46266 | B10: =SUMIFS(Sales_Data!$J:$J,Sales_Data!$B:$B,">="&A10,Sales_Data!$B:$B,"<"&DATE(YEAR(A10),MONTH(A10)+1,1)) | C10: =SUMIFS(Sales_Data!$G:$G,Sales_Data!$B:$B,">="&A10,Sales_Data!$B:$B,"<"&DATE(YEAR(A10),MONTH(A10)+1,1)) | D10: =COUNTIFS(Sales_Data!$B:$B,">="&A10,Sales_Data!$B:$B,"<"&DATE(YEAR(A10),MONTH(A10)+1,1)) | E10: =IFERROR(B10/D10,0)

Sheet README
A1: Project | B1: Sales Performance & MIS Dashboard
A2: Purpose | B2: Practice project for Excel MIS, sales analysis, KPI reporting and management dashboards.
A3: Key Excel Skills | B3: VLOOKUP, SUMIF/SUMIFS, SUMPRODUCT, Pivot-style summaries, charts, KPI dashboard, conditional formatting.
A4: Sheets | B4: Dashboard, Sales_Data, Product_Master, Sales_Analysis, Monthly_Report, README
A5: Resume Use | B5: List as an Excel-based MIS practice/project after completing and understanding the workbook.
